Resource_ID,Domain_ID,Domain,Resource_Name,Resource_Description,Resource_type,Resource_Redirect_URL,Category,Resource_icon
oxr7jx4c,ls9w3gzv,Decluttering Routines,Notion,"Take Notes, Manage your project totally, Share with other members of company or organizations coordinate deadlines, objectives, and assignments for greater efficiency and productivity.",Application,https://play.google.com/store/apps/details?id=notion.id,,https://rnebolte.sirv.com/self_care_appdata/icons/Resource_icons/Notion-logo.png?w=150&h=150
yuxl8jq2,5f6a443b,Learning,TED-Ed,Learn and Explore various facets of world through magnificent animations,Resource URL,https://youtube.com/teded,Youtube Channel,https://yt3.ggpht.com/HjXKmDGoAp6b-JdGYpqJYYeN4S_CMpD_kqWvldpN53cbzn-i73t6mVNo8mNki-xLPwi0BVSFi-o=s176-c-k-c0x00ffffff-no-rj
nnua479s,5f6a443b,Learning,Veretasium,"Open your Mind, Get overwhelmed by exploring and understanding the science and the technology you live around.",Resource URL,https://youtube.com/c/veritasium,Youtube Channel,https://yt3.ggpht.com/ytc/AMLnZu-FU1d2Jd6AKRDpCwrxrraoKJ3Nrtk4iMpHBdAV4Q=s176-c-k-c0x00ffffff-no-rj-mo
qz6oafbq,5f6a443b,Learning,SkillShare,"An online learning community with thousands of classes for creative and curious people, on topics including illustration, design, photography, video, freelancing, and more.",Website,https://www.skillshare.com/,,https://play-lh.googleusercontent.com/Lfh8g5kPONfSNL7R4s8itnMMdj3lhmHU9tb4gp7eoOaXkJo0dOcwB6iWPdNGZMRDMVs
d1jmninv,a6d0f589,Sleep Management,Ambient Soothing Sounds,"Listen to ambient sleep sounds, calming sounds, and nature sounds to sleep peacefully",Website,https://ambientnoise.online/sleep-sounds/,,https://cdn-icons-png.flaticon.com/512/2778/2778524.png
s7wmcnqb,55458dd7,Need Break,Trip Advisor,"Browse destinations, get reviews and opinions on travel destination places.",Website,https://www.tripadvisor.in/,,https://rnebolte.sirv.com/self_care_appdata/icons/Resource_icons/tripadvisor.png
2rbn4ey2,b2293dc3,Mental Health,myCompass,A self help tool for your mental health,Website,https://www.mycompass.org.au/,,https://www.mycompass.org.au/Images/1035.png
lvzq5o8o,5d7dbcec,Productivity,Evernote ,Taking and organizing notes ,Application,https://play.google.com/store/apps/details?id=com.evernote,,https://play-lh.googleusercontent.com/QJObxznpklAxDNp0OVe3kAP5ZfUouIvRDO0kPj-V3MRjoRYKwj9RVTxOwG9yrlY-bgG3=s48-rw
d3a3e5jv,c04e3201,Self Growth,Atomic Habits,Book that offers readers concrete advice on how https://cdn-icons-png.flaticon.com/512/1384/1384060.png their habits.,Resource URL,https://www.amazon.in/Atomic-Habits-James-Clear/dp/1847941834?ref_=Oct_d_obs_d_1318132031&pd_rd_w=aRvVq&content-id=amzn1.sym.63783fbe-7156-4f6f-9542-5efc5e74da13&pf_rd_p=63783fbe-7156-4f6f-9542-5efc5e74da13&pf_rd_r=F7NX5WX3FDJS9KAZC9Y2&pd_rd_wg=vaSuO&pd_rd_r=f22c1478-6e92-4633-963a-12cbd9adf3fd&pd_rd_i=1847941834,Book,"https://m.media-amazon.com/images/I/51-nXsSRfZL._SX328_BO1,204,203,200_.jpg"
oowskm3y,ls9w3gzv,Decluttering Routines,Authy,Enhance security of your digital accounts by enabling 2FA (2-Factor Authentication) on your accounts,Application,https://play.google.com/store/apps/details?id=com.authy.authy,,https://play-lh.googleusercontent.com/NxyEuJRx4jjR1Q9PXOPGExFQXDKr_pZJ61Cb15eR0aX3UTZKAxWsXvK9Gh4K-NUd5A=s48
86knpg5d,ls9w3gzv,Decluttering Routines,Google Authenticator,Enhance security of your digital accounts by enabling 2FA (2-Factor Authentication) on your accounts,Application,https://play.google.com/store/apps/details?id=com.google.android.apps.authenticator2,,https://play-lh.googleusercontent.com/oMv9o-L-mNKdyL3Hp6fvNwrhAyIYB1iP3p644hxN03oFU0R2oevnmxmCLF6FewjzZXU=s64
g6uep1ob,ls9w3gzv,Decluttering Routines,Microsoft Authenticator,Enhance security of your digital accounts by enabling 2FA (2-Factor Authentication) on your accounts,Application,https://play.google.com/store/apps/details?id=com.azure.authenticator,,https://play-lh.googleusercontent.com/_1CV99jklLbXuun-6E7eCPR-sKKeZc602rhw_QHZz-qm7xrPdgWsJVc7NtFkkliI8No=w240-h480
k7r73ida,f87d9f9d,Time Management,Microsoft To Do Lists & Tasks,"Manage your tasks, Plan your day, Maintain Checklists of specific tasks, Create Remainders and share notes",Application,https://play.google.com/store/apps/details?id=com.microsoft.todos,,https://play-lh.googleusercontent.com/PH-2iORSfQs-iizoHzePXBaJCXml443pgoC14-lZESLFIp78A4SvxLKUVv1FyIQFtC8=s150-rw
tbjqqr8r,5f6a443b,Learning,Khan Academy,"Learn various topics like History, Math, Economics, Finance etc.",Resource URL,https://youtube.com/c/khanacademy,Youtube Channel,https://yt3.ggpht.com/ytc/AMLnZu-Pl3EPSAKD6K5gEeGI_vpE48DJUju6bQ35L9b0=s176-c-k-c0x00ffffff-no-rj
p1rwbae7,5d7dbcec,Productivity,Temporary Mail Generator,Generate Temporary E-mail addresses to login,Website,https://tempmail.email/,,https://rnebolte.sirv.com/self_care_appdata/icons/Resource_icons/temporary%20mail%20generator-icon.png
p9l68ceg,a6d0f589,Sleep Management,Sleepy Head: Relaxing Sounds,Get deep sleep every night and wake up feeling refreshed and rejuvenated.,Application,https://play.google.com/store/apps/details?id=io.fantechlabs.sleephead,,https://play-lh.googleusercontent.com/SdiQcSKjdE7LLPrn8IaHJUxjx0MVcdJXBX-l6hm5nxoiZIb__Vz9QGJ-HEko7N2ga7c=w240-h480-rw
ehve8kiy,a6d0f589,Sleep Management,Sleep Sounds,"It's time to say goodbye to sleepless nights and stop missing out on sweet dreams! Sleep will be your favorite lullaby and will help you fall asleep thanks to soothing stories, meditations, white noise, tons of sounds from different environments and much more.",Application,https://play.google.com/store/apps/details?id=com.bendingspoons.sleep,,https://play-lh.googleusercontent.com/PAHyWlQolU60sGuEw25Su-8eGjZ5WnJwc-czf3eKNlw-zDql-4F8G83YOpj0hzyrUg=s48-rw
8fh96ks6,6eb4ffb4,Utility,UNiDays,Get sites and brands that give student discounts,Website,https://www.myunidays.com/IN/en-IN,,https://public.newsdirect.com/956738310/7wZuxtXi.png
7jnc886g,08c7f2fb,Deal With Anxiety,Dare,Techniques to reduce anxiety & panic attacks and improve your sleep,Application,https://play.google.com/store/apps/details?id=ie.armour.dare2,,https://rnebolte.sirv.com/self_care_appdata/icons/Resource_icons/dare-icon.png
cxr4xw3v,08c7f2fb,Deal With Anxiety,Mindshift CBT,"Self-help anxiety management app to relieve worry, stress and panic",Application,https://play.google.com/store/apps/details?id=com.bstro.MindShift,,https://rnebolte.sirv.com/self_care_appdata/icons/Resource_icons/mindshift%20cbt-icon.png
nz766o8f,08c7f2fb,Deal With Anxiety,Wysa,"Therapy chatbot for mental wellness, mood management and anxiety relief",Application,https://play.google.com/store/apps/details?id=bot.touchkin,,https://rnebolte.sirv.com/self_care_appdata/icons/Resource_icons/Wysa-icon.png
pzn6qsrm,08c7f2fb,Deal With Anxiety,Anxiety - Stress Relief Helper,Feeling Anxious? Stressed out? Need to Reduce Stress? Any Anxiety Disorder? Looking for an Anxiety Therapy or an Anxiety Helper?,Application,https://play.google.com/store/apps/details?id=com.anxietyrelief.app,,https://rnebolte.sirv.com/self_care_appdata/icons/Resource_icons/anxiety-stress-relief-helper-icon.png
wzlsse51,b2293dc3,Mental Health,The Mighty,Get the health answers you need from people who live it every day,Website,https://themighty.com/,,https://themighty.com/static/mighty-logo-sm.png
ca8wyfbm,b2293dc3,Mental Health,Jack,Website talking about mental health,Website,https://jack.org/Home?gclid=CjwKCAjwwL6aBhBlEiwADycBIEwgk5zh2wE61ZNr7PgMFQLFj64YFU8AP__zwXaW0GI4hn_ghRmDIRoCh6kQAvD_BwE,,https://rnebolte.sirv.com/self_care_appdata/icons/Resource_icons/jack-org-icon.png
k911ynru,b2293dc3,Mental Health,HelpGuide,Guide to mental health & wellness,Website,https://www.helpguide.org/,,https://rnebolte.sirv.com/self_care_appdata/icons/Resource_icons/helpguide-icon.png
ihrk3jlz,2b20d522,Health Management,HealthUnlocked,Social network for health,Website,https://healthunlocked.com/,,https://rnebolte.sirv.com/self_care_appdata/icons/Resource_icons/healthunlocked-icon.png
y3jsv8uh,b2293dc3,Mental Health,Nami,"Provides advocacy, education, support and public awareness so that all individuals and families affected by mental illness can build better lives.",Resource URL,https://www.nami.org/Support-Education,,https://rnebolte.sirv.com/self_care_appdata/icons/Resource_icons/nami-icon.png
lsovqlhu,d308ebe2,Professional Consultancy,Support Groups Central,Get Connected With Peer Support Groups and Certified Coaches,Website,https://www.heypeers.com/,,https://rnebolte.sirv.com/self_care_appdata/icons/Resource_icons/supportgroupscentral-icon.jpg
u4kjx4ef,b2293dc3,Mental Health,Calm Sage,Community working towards changing the way individuals think & act about problems related to Mental Health.,Website,https://www.calmsage.com/,,https://rnebolte.sirv.com/self_care_appdata/icons/Resource_icons/calm-sage-icon.png
s62d23fd,40ff6da3,Relaxation,Mental Health(Relaxation),Relaxation techniques: Try these steps to reduce stress,Blog,https://www.mayoclinic.org/healthy-lifestyle/stress-management/in-depth/relaxation-technique/art-20045368,,https://rnebolte.sirv.com/self_care_appdata/icons/Resource_icons/mayo-icon.png
h3ic8xqj,40ff6da3,Relaxation,Relaxation Tips,8 Relaxation tips,Blog,https://www.mind.org.uk/information-support/tips-for-everyday-living/relaxation/relaxation-tips/,,https://www.mind.org.uk/assets/images/Mind_Squiggle_Wordmark_Blue_RGB.png
2nd6xm9x,b2293dc3,Mental Health,MedlinePlus,How to improve mental health,Blog,https://medlineplus.gov/howtoimprovementalhealth.html,,https://rnebolte.sirv.com/self_care_appdata/icons/Resource_icons/medline-plus-icon.png
ulh2nfq8,40ff6da3,Relaxation,Ways to relax,18 Quick ways to relax,Blog,https://www.stress.org/18-quick-ways-to-relax-instantly-according-to-science,,https://www.stress.org/wp-content/uploads/2019/01/logo2_SM2.png
qhnx6xx1,b2293dc3,Mental Health,Self Sabotage,Understanding and Overcomming the subliminal thoughts of Self Sabotage,Blog,https://psychcentral.com/blog/overcome-self-sabotage,,https://rnebolte.sirv.com/self_care_appdata/icons/Resource_icons/psychcentral-icon.png
p3g38e8b,08c7f2fb,Deal With Anxiety,Negative Thinking,Identifying distorted thoughts and helps you to overcome them.,Blog,https://psychcentral.com/lib/cognitive-distortions-negative-thinking,,https://rnebolte.sirv.com/self_care_appdata/icons/Resource_icons/psychcentral-icon.png
9t6q9roj,b2293dc3,Mental Health,Impostor Syndrome,Doubting your abilities and feeling like a fraud,Blog,https://psychcentral.com/lib/impostor-syndrome,,https://rnebolte.sirv.com/self_care_appdata/icons/Resource_icons/psychcentral-icon.png
hgiwj4ri,g98a94gj,Relationships,Codependency,"When each person involved is mentally, emotionally, physically, and/or spiritually reliant on the other.",Blog,https://psychcentral.com/lib/symptoms-signs-of-codependency,,https://rnebolte.sirv.com/self_care_appdata/icons/Resource_icons/psychcentral-icon.png
2mi8ific,c04e3201,Self Growth,Happiness,"Happiness is an emotional state characterized by feelings of joy, satisfaction, contentment, and fulfillment. ",Blog,https://psychcentral.com/lib/what-makes-us-happy,,https://rnebolte.sirv.com/self_care_appdata/icons/Resource_icons/psychcentral-icon.png
ynszuuzs,b2293dc3,Mental Health,Locus of Cotrol,Refers to an individual's perception about the underlying main causes of events in his/her life,Blog,https://psychcentral.com/blog/cultivating-an-internal-locus-of-control-and-why-its-crucial,,https://rnebolte.sirv.com/self_care_appdata/icons/Resource_icons/psychcentral-icon.png
zyzpaazz,b2293dc3,Mental Health,Depression,A mood disorder that causes a persistent feeling of sadness and loss of interest,Blog,https://psychcentral.com/blog/what-does-depression-feel-like,,https://rnebolte.sirv.com/self_care_appdata/icons/Resource_icons/psychcentral-icon.png
eu4ytha8,40ff6da3,Relaxation,Forgive Yourself,Letting go of the feelings and emotions associated with what went wrong.,Blog,https://psychcentral.com/lib/tips-to-forgive-yourself,,https://rnebolte.sirv.com/self_care_appdata/icons/Resource_icons/psychcentral-icon.png
dxpeesta,08c7f2fb,Deal With Anxiety,Feeling Empty,Any life stage or situation that may require you to reflect on yourself and your life,Blog,https://psychcentral.com/blog/stop-feeling-empty,,https://rnebolte.sirv.com/self_care_appdata/icons/Resource_icons/psychcentral-icon.png
lnqamsq3,c5c88434,Motivational,Self-Respect,A feeling of confidence and pride in yourself,Blog,https://psychcentral.com/blog/how-to-improve-self-respect,,https://rnebolte.sirv.com/self_care_appdata/icons/Resource_icons/psychcentral-icon.png
81ww34v1,g98a94gj,Relationships,Friendship Ends,Ways to cope with a friendship ending.,Blog,https://psychcentral.com/relationships/how-to-cope-with-a-friendship-suddenly-ending,,https://rnebolte.sirv.com/self_care_appdata/icons/Resource_icons/psychcentral-icon.png
4lrv1ysx,c04e3201,Self Growth,Dealing Problems,How to deal with your Problem,Blog,https://psychcentral.com/lib/5-ways-to-solve-all-your-problems,,https://rnebolte.sirv.com/self_care_appdata/icons/Resource_icons/psychcentral-icon.png
e34e5unz,40ff6da3,Relaxation,Gratitude,Ways to express gratitude,Blog,https://psychcentral.com/health/ways-to-express-gratitude,,https://rnebolte.sirv.com/self_care_appdata/icons/Resource_icons/psychcentral-icon.png
k2h6x6ci,b2293dc3,Mental Health,Feeling Angry,A mindful practise to fully feel your anger,Blog,https://psychcentral.com/blog/a-mindful-practice-to-fully-feel-your-anger,,https://rnebolte.sirv.com/self_care_appdata/icons/Resource_icons/psychcentral-icon.png
1j69h6vj,b2293dc3,Mental Health,Feelings,Why are feelings important,Blog,https://psychcentral.com/lib/why-are-feelings-important,,https://rnebolte.sirv.com/self_care_appdata/icons/Resource_icons/psychcentral-icon.png
k679ib35,b2293dc3,Mental Health,Silence,The Hidden benefits of Silence,Blog,https://psychcentral.com/blog/the-hidden-benefits-of-silence,,https://rnebolte.sirv.com/self_care_appdata/icons/Resource_icons/psychcentral-icon.png
6d4n8yow,d308ebe2,Professional Consultancy,Myths & Facts about Therapy,7 Myths and Facts About Psychotherapy,Blog,https://psychcentral.com/health/myths-about-therapy#its-about-venting,,https://rnebolte.sirv.com/self_care_appdata/icons/Resource_icons/psychcentral-icon.png
bn4uvsw6,b2293dc3,Mental Health,Flashbacks,Living with Trauma: How to cope up with flashbacks,Blog,https://psychcentral.com/lib/coping-with-flashbacks,,https://rnebolte.sirv.com/self_care_appdata/icons/Resource_icons/psychcentral-icon.png
qis6nncr,2b20d522,Health Management,Huberman Lab,"What Alcohol does to your body,brain & health",Audio,https://open.spotify.com/episode/2ebY3WNejLNbK47emgjd1E?si=2f9bc89d0b7e4d22,,https://i.scdn.co/image/ab67656300005f1f163bf8f74577a2246184654b
4wmvtkai,b2293dc3,Mental Health,On Purpose,7 things to do to boost your mental health,Audio,https://open.spotify.com/episode/4BNGWe69Pw8k1Q9EIQtzGI?si=66c1c5f7a224461f,,https://i.scdn.co/image/ab67656300005f1fa3352360685aec09245b55ee
6w1l5bcj,c04e3201,Self Growth,Ankur Warikoo,Who are you,Audio,https://open.spotify.com/episode/4Ng7JLfIYKsKn1m3rvp0lx?si=-SEzFXCOQrWueCNSDiCYjw,,https://i.scdn.co/image/ab67656300005f1f3790e1d819fffd5f79c63e58
ps1evvwl,c04e3201,Self Growth,Book Recommendation,21 Best Personal Development & Self Improvement Books,Blog,https://www.developgoodhabits.com/personal-development-books/,,https://www.developgoodhabits.com/wp-content/uploads/2021/08/revised1-trimmed2.jpg
wefujq8g,c04e3201,Self Growth,Self Growth (Quotes),Inpirational Quotes,Image,https://graciousquotes.com/growth/,Quotes,https://rnebolte.sirv.com/self_care_appdata/icons/Resource_icons/quotes-icon.png
spgb9vik,b2293dc3,Mental Health,Boost Mental Health,31 tips to boost your mental health,Blog,https://www.mhanational.org/31-tips-boost-your-mental-health,,https://rnebolte.sirv.com/self_care_appdata/icons/Resource_icons/MHA-icon.png
wjwdqa3q,9552470e,Physical Health,MyFitnessPal,"Free calorie counter, macro tracker, and health and fitness tracker in one!",Application,https://play.google.com/store/apps/details?id=com.myfitnesspal.android,,https://play-lh.googleusercontent.com/Lv24kyEjZUPLbYcnqss8BsBmDgg2-No3EXSBVrNCIOjGBkS07izG9LJ-G_w8UTDvtg=w240-h480-rw
fhbuz4k6,9552470e,Physical Health,EatRight,When you need food and nutrition information based on fact,Website,https://www.eatright.org/,,https://rnebolte.sirv.com/self_care_appdata/icons/Resource_icons/eatright-icon.png
lv7uokvi,9552470e,Physical Health,Physical,The nutrition source,Blog,https://www.hsph.harvard.edu/nutritionsource/,,https://rnebolte.sirv.com/self_care_appdata/icons/Resource_icons/harvardchan-icon.png
z1msnrg1,9552470e,Physical Health,Exer,All about diet and exercise,Website,https://exrx.net/,,https://rnebolte.sirv.com/self_care_appdata/icons/Resource_icons/exer-icon.png
6fpbfrgm,9552470e,Physical Health,Livestrong,"Delivers trusted health, nutrition and fitness information.",Blog,https://www.livestrong.com/,,https://rnebolte.sirv.com/self_care_appdata/icons/Resource_icons/livestrong-icon.png
tfxytre3,2b20d522,Health Management,Rush,10 ways to improve your health,Blog,https://www.rush.edu/news/10-simple-ways-improve-your-health,,https://rnebolte.sirv.com/self_care_appdata/icons/Resource_icons/rush-icon.png
wisp95ef,f87d9f9d,Time Management,On Purpose,Time management habits,Audio,https://open.spotify.com/episode/3H2docq1vJaG7IVUdTChhE?si=4950b1e1402f4e51,,https://rnebolte.sirv.com/self_care_appdata/icons/Resource_icons/spotify-icon.png
nmgazg7a,d308ebe2,Professional Consultancy,Online Therapy,List of online therapy services,Resource URL,https://www.healthline.com/health/mental-health/online-therapist-for-free#A-quick-look-at-the-best-free-and-affordable-online-therapy-services,,https://rnebolte.sirv.com/self_care_appdata/icons/Resource_icons/healthline-icon.png
gttkctxk,f87d9f9d,Time Management,Plan Your Day,"Manage all of your work in one place: Tasks, Docs, Chat, Goals, & more. ClickUp offers a customizable workplace productivity platform that serves all departments across an organization.",Website,https://clickup.com/,,https://rnebolte.sirv.com/self_care_appdata/icons/Resource_icons/clickup-logo-gradient.png
32i4w93f,f87d9f9d,Time Management,Todoist,"Organize your life, Achieve more every day.",Website,https://todoist.com/,,https://rnebolte.sirv.com/self_care_appdata/icons/Resource_icons/Todoist.png?w=150&h=150
ceg8x3jk,c04e3201,Self Growth,Motivational,Movitavional and Inspirational videos,Video,https://www.simpletruths.com/movies.html,,https://www.simpletruths.com/static/version1659043307/frontend/Sourcebooks/st/en_US/images/logo.svg
j662zk68,40ff6da3,Relaxation,Raining Sound,Listen to the sound of rain and relax,Audio,https://ambientnoise.online/rain-sounds/,,https://cdn-icons-png.flaticon.com/512/536/536774.png
rw5f4834,40ff6da3,Relaxation,Clarity,Application basically,Application,https://play.google.com/store/apps/details?id=com.weheal.weheal,,https://play-lh.googleusercontent.com/UMNLV1NXyaSftZvBcClXQDd7AOlCeRLA5SQh3L_vBCYV4C6wkFymjlyedgXCX8x3gFiP=w480-h960-rw
rbthyiv3,40ff6da3,Relaxation,Yellow Brick Cinema,"It uses delta waves and soft instrumental music to help you achieve deep relaxation, and fall asleep",Video,https://youtu.be/aIIEI33EUqI,,https://cdn-icons-png.flaticon.com/512/1384/1384060.png
4pr9xk8v,40ff6da3,Relaxation,Yellow Brick Cinema,Deep sleep music,Video,https://youtu.be/FaRrq7cYu84,,https://cdn-icons-png.flaticon.com/512/1384/1384060.png
pykbg3te,2b20d522,Health Management,Samsung Health,"Helps in tracking overall fitness, measuring weight, diet balance, food to eat and proper sleep.",Application,https://play.google.com/store/apps/details?id=com.sec.android.app.shealth,,https://rnebolte.sirv.com/self_care_appdata/icons/Resource_icons/samsung%20health-icon.png
dxj1czgd,2b20d522,Health Management,Medisafe ,It helps to keep the track about your medicines,Application,https://play.google.com/store/apps/details?id=com.medisafe.android.client,,https://rnebolte.sirv.com/self_care_appdata/icons/Resource_icons/medisafe-icon.png
cbo3mm74,2b20d522,Health Management,TATA 1mg,"Provides facilities like consultancy with the doctor online, booking health test",Application,https://play.google.com/store/apps/details?id=com.aranoah.healthkart.plus,,https://rnebolte.sirv.com/self_care_appdata/icons/Resource_icons/tata-1mg-icon.png
gmhf6lrb,2b20d522,Health Management,Tata Health,"Providing 24x7 consultancy, buying medicines, booking appointments",Application,https://play.google.com/store/apps/details?id=com.tatahealth.tatadhp,,https://rnebolte.sirv.com/self_care_appdata/icons/Resource_icons/tata-health-icon.png
3uz1sthh,2b20d522,Health Management,PharmEasy,Helps in ordering medicines online and getting diagnostics test done at home,Application,https://play.google.com/store/apps/details?id=com.phonegap.rxpal,,https://rnebolte.sirv.com/self_care_appdata/icons/Resource_icons/pharmeasy-icon.png
qn5gn8ob,2b20d522,Health Management,HealthyPicks,It helps in providing person's nutriscore about the food person eats as well as tracking heart rate ,Application,https://play.google.com/store/apps/details?id=com.buzzingbulbsind.healthypicks,,https://rnebolte.sirv.com/self_care_appdata/icons/Resource_icons/healthypicks-icon.png
ux6l6839,2b20d522,Health Management,Healthians,A application which provides full body checkup and proper doctor guidance,Application,https://play.google.com/store/apps/details?id=com.healthians.main.healthians,,https://rnebolte.sirv.com/self_care_appdata/icons/Resource_icons/healthians-icon.png
fjmpuzfd,2b20d522,Health Management,HeartRate Monitor,Application to measure heart rate,Application,https://play.google.com/store/apps/details?id=heartratemonitor.heartrate.pulse.pulseapp,,https://rnebolte.sirv.com/self_care_appdata/icons/Resource_icons/heart-rate-icon.png
vr9ezry2,2b20d522,Health Management,Redcliffe,A user friendly diagnostic app to make health check convenient with essential homecare facilities,Application,https://play.google.com/store/apps/details?id=com.redcliffelabs,,https://play-lh.googleusercontent.com/XCNcggadej5yGATQ-4sTzSYP01famIn4Vm_F412OMIxegrcecDteO4qrhMAq_-XU6Gw=s48-rw
mo3vywx4,2b20d522,Health Management,HealthifyMe,It is a health and fitness app that provides  facility of weight loss diet plans and personal trainers,Application,https://play.google.com/store/apps/details?id=com.healthifyme.basic,,https://play-lh.googleusercontent.com/6xBi82vSp_xcD_T7pa2k1BPJyZi6sWccBVFRRLji2RQ1ac-9JNE_W6j4zPeF9ttZvw=s48-rw
kvpf1wzs,2b20d522,Health Management,CVS Health,Basically it helps people navigate health care system and their personal health care,Website,https://www.cvshealth.com/,,https://www.cvshealth.com/sites/default/files/logo.png
szv3eq8n,40ff6da3,Relaxation,Great meditation,15 minutes guided meditation,Video,https://youtu.be/W8a3T8pI9Ns,,https://cdn-icons-png.flaticon.com/512/1384/1384060.png
1b539mbq,b2293dc3,Mental Health,Headspace,Headspace is the National Youth Mental Health Foundation helping thousands of young people,Website,https://headspace.org.au/,,https://img.icons8.com/bubbles/344/head-profile.png
s92qmcxu,b2293dc3,Mental Health,This way up,"Stress, anxiety and depression level check",Website,https://thiswayup.org.au/programs/mindfulness-program/,,https://thiswayup.org.au/wp-content/uploads/2020/06/@1.5xtwu-logo.png
9lfj4bwt,c5c88434,Motivational,Powerful Motivational Video - Sandeep Maheshwari,Talks about never Comparing Yourself With Anyone,Video,https://youtu.be/kBo3ipDEH6k,,https://cdn-icons-png.flaticon.com/512/1384/1384060.png
7jghceng,109a774b,Inspirational,Powerful Inspirational Video - Sandeep Maheshwari,You are not less than anyone,Video,https://youtu.be/PNAkSTpUbb8,,https://cdn-icons-png.flaticon.com/512/1384/1384060.png
6n9f34dx,40ff6da3,Relaxation,AShamaluevMusic,Calm Relaxing Background Music / Meditation Ambient Music,Video,https://youtu.be/YgZwWeOyA-YY,,https://cdn-icons-png.flaticon.com/512/1384/1384060.png
988n8lbv,b2293dc3,Mental Health,n Beats,Sound therapy to reduce stress and improve mental health,Video,https://youtu.be/VgdAcENXy84,,https://cdn-icons-png.flaticon.com/512/1384/1384060.png
rgh6yq6p,40ff6da3,Relaxation,Sleep Sounds - relaxing sounds,Sleep app to feel relax with the help of relaxing sounds,Application,https://play.google.com/store/apps/details?id=relax.sleep.relaxation.sleepingsounds,,https://rnebolte.sirv.com/self_care_appdata/icons/Resource_icons/sleep-sounds-icon.png
gi74l1wq,a6d0f589,Sleep Management,Aishwarya Tripathi's Music,"Instrumental music works well as sleep music, ambient study music, meditation music,Swami Sivananda Yoga, Kapalbhati, Inner Engineering or relaxation music",Video,https://youtu.be/ZJpt_bRTC6g,,https://cdn-icons-png.flaticon.com/512/1384/1384060.png
ka6dezry,40ff6da3,Relaxation,Nova Relaxing music,Relaxing Music for Instant Sleep,Video,https://youtu.be/rCSCPujLs14,,https://cdn-icons-png.flaticon.com/512/1384/1384060.png
vynzq8wb,40ff6da3,Relaxation,Relaxing white music,It create a protective sound masking screen that covers up much of that extraneous noise,Video,https://youtu.be/FdN1pnEaJs0,,https://cdn-icons-png.flaticon.com/512/1384/1384060.png
y3s3u8od,40ff6da3,Relaxation,Father Nature,This is a sleep hypnosis file that will help you relax and drift away from any anxiety or sleep insomnia,Video,https://youtu.be/jsXrqTXovIA,,https://cdn-icons-png.flaticon.com/512/1384/1384060.png
3x1qbxuj,40ff6da3,Relaxation,Relax soul,Relaxing Water flow sound with deep Relaxing Music,Video,https://youtu.be/Hg1-NHJ7-sY,,https://cdn-icons-png.flaticon.com/512/1384/1384060.png
h6te951k,40ff6da3,Relaxation,MeditationRelaxClub,"Relaxing Music to Help you Sleep, Deep Sleep, Inner Peace and Autogenic Training",Video,https://youtu.be/xQ6xgDI7Whc,,https://cdn-icons-png.flaticon.com/512/1384/1384060.png
cpt6t4i7,5d7dbcec,Productivity,Google Docs,Tools for sharing documents and collaborating in real-time,Website,https://www.google.com/docs/about/,,https://cdn-icons-png.flaticon.com/512/5968/5968517.png
9qb6zml5,5d7dbcec,Productivity,IFTTT (If This Then That) ,An automation tool that seamlessly connects different apps and experiences. ,Application,https://play.google.com/store/apps/details?id=com.ifttt.ifttt&utm_source=/&utm_medium=web,,https://play-lh.googleusercontent.com/np7DJi4L8fqOZVBKFHreO5fXJkSZbv0oRyD4xXw8cZWn9GFDdGI9HQ9SXqF5-khPSv0U=w240-h480-rw
7j2ozu98,5d7dbcec,Productivity,ClickUp,All-in-one task management tool for agile project management.,Application,https://play.google.com/store/apps/details?id=co.mangotechnologies.clickup,,https://play-lh.googleusercontent.com/9U1Zbu7jlryfcgwvWHulHzjlgMVjOy_S4rIATrF0b6Qd_VR_5yftp0dQBfi-Q5Psjg=w240-h480-rw
cb4vq9q2,ls9w3gzv,Decluttering Routines,Bitwarden,"Declutter your passwords, A open source password manager application to manage all of your passwords.",Application,https://play.google.com/store/apps/details?id=com.x8bit.bitwarden,,https://rnebolte.sirv.com/self_care_appdata/icons/Resource_icons/Bitwarden.png?w=150&h=150
uqjtit7d,5d7dbcec,Productivity,Toggl,Specific time-tracking tool,Application,https://play.google.com/store/apps/details?id=com.toggl.giskard,,https://play-lh.googleusercontent.com/PeblLXajnpQMBdnzHCQ9yRh6IZ1iOM7qqJkp306uOYlYq8djKFs2vTLO5YO265MPmcM=w240-h480-rw
uvwkiuvy,5d7dbcec,Productivity,MindMeister,Mind mapping tool,Application,https://play.google.com/store/apps/details?id=com.meisterlabs.mindmeister,,https://play-lh.googleusercontent.com/zQY4VrGlMzJGyVATg5bjpy1TlYwdotIoaPF5l6FC9rxrJkRg0skyT1ij3jh9NQpN-TEa=s48-rw
gk45ockh,5d7dbcec,Productivity,Krisp ,Noise cancellation application,Application,https://help.krisp.ai/hc/en-us,,https://rnebolte.sirv.com/self_care_appdata/icons/Resource_icons/krisp-icon.png
yfwuh4ff,5d7dbcec,Productivity,Zoom,Provides cloud-based remote conferencing services,Application,https://zoom.us/,,https://st1.zoom.us/static/6.2.9310/image/new/ZoomLogo.png
bcc2aixb,5d7dbcec,Productivity,MS Office,"These cover everything from documents, spreadsheets, presentations, and emails",Application,https://www.office.com/?auth=1,,https://rnebolte.sirv.com/self_care_appdata/icons/Resource_icons/microsoft%20office-icon.png
xkh2ivg8,5d7dbcec,Productivity,Employee productivity,Image,Image,https://www.ismartrecruit.com/upload/blog/main_image/blog-boost-employee-productivity.jpg,,https://www.ismartrecruit.com/upload/blog/main_image/blog-boost-employee-productivity.jpg
ybxuintf,c04e3201,Self Growth,Personal Development,The only way to have more in life is to become more,Video,https://www.youtube.com/watch?v=mmU56vZs72A,Motivational speech,https://cdn-icons-png.flaticon.com/512/1384/1384060.png
8idjc8yw,f87d9f9d,Time Management,Microsoft To Do (WebApp),"Manage your tasks, Plan your day, Maintain Checklists of specific tasks, Create Remainders and share notes",Website,https://todo.microsoft.com/,,https://play-lh.googleusercontent.com/PH-2iORSfQs-iizoHzePXBaJCXml443pgoC14-lZESLFIp78A4SvxLKUVv1FyIQFtC8=s150-rw
qlyhtdl3,c04e3201,Self Growth,Power of Focus,The mind is just like a shining sun which can produce fire provided its energies are focused and directed towards a single point.,Video,https://www.youtube.com/watch?v=RwxC5J8LI4Q,Motivational speech,https://cdn-icons-png.flaticon.com/512/1384/1384060.png
5feiwm9l,c04e3201,Self Growth,Psychology of Self-motivation,How to become self motivated,Video,https://www.youtube.com/watch?v=7sxpKhIbr0E,Motivational speech,https://cdn-icons-png.flaticon.com/512/1384/1384060.png
ainqqgtf,ls9w3gzv,Decluttering Routines,Lastpass,"Declutter your passwords, A  password manager application to manage all of your passwords.",Application,https://play.google.com/store/apps/details?id=com.x8bit.bitwarden,,https://play-lh.googleusercontent.com/BPgJq2T40gw219T9wcXPld0urrii1L9WwGZ0xovChB7fy-KFfVlKPE6oT5D7lIeQRecJ=s150
zthi1vuu,c04e3201,Self Growth,Ikigai,"Ikigai is a Japanese concept referring to something that gives a person a sense of purpose, a reason for living.",Resource URL,https://www.amazon.in/Ikigai-H%C3%A9ctor-Garc%C3%ADa/dp/178633089X?ref_=Oct_d_obs_d_1318132031&pd_rd_w=aRvVq&content-id=amzn1.sym.63783fbe-7156-4f6f-9542-5efc5e74da13&pf_rd_p=63783fbe-7156-4f6f-9542-5efc5e74da13&pf_rd_r=F7NX5WX3FDJS9KAZC9Y2&pd_rd_wg=vaSuO&pd_rd_r=f22c1478-6e92-4633-963a-12cbd9adf3fd&pd_rd_i=178633089X,Book,"https://m.media-amazon.com/images/I/51xwGSNX-EL._SX356_BO1,204,203,200_.jpg"
37o53cqx,c04e3201,Self Growth,The Power of Your Subconscious Mind,This will unlock for you the truly staggering powers of your subconscious mind.,Resource URL,https://www.amazon.in/Power-Your-Subconscious-Mind/dp/8194790832?ref_=Oct_d_obs_d_1318132031&pd_rd_w=aRvVq&content-id=amzn1.sym.63783fbe-7156-4f6f-9542-5efc5e74da13&pf_rd_p=63783fbe-7156-4f6f-9542-5efc5e74da13&pf_rd_r=F7NX5WX3FDJS9KAZC9Y2&pd_rd_wg=vaSuO&pd_rd_r=f22c1478-6e92-4633-963a-12cbd9adf3fd&pd_rd_i=8194790832,Book,"https://m.media-amazon.com/images/I/51QnuLIY2uL._SX322_BO1,204,203,200_.jpg"
bwikijea,c04e3201,Self Growth,Mark Manson,Life advices,Blog,https://markmanson.net/,,https://play-lh.googleusercontent.com/MP-NdAgMCnsuLMEvvNlLoco62P8pg0nYTt6VT4E0x2MdFDnYSeAgDc2YBnP8TcTRm8U=w240-h480-rw
ruhq3n7k,c04e3201,Self Growth,Ankur Warikoo,Awareness is Everything,Website,https://ankurwarikoo.com/,,https://play-lh.googleusercontent.com/yVBtEwzOE92WVlfURcCZvVUsmeXcUOPVUga74D1CKN-r8jfvtlN4Qmvnm8N-9_UM0N8=w240-h480-rw
uxui5s2e,c04e3201,Self Growth,Zen Habits,When you are overwhelmed,Blog,https://zenhabits.net/,,https://avatars.githubusercontent.com/u/15520438?v=4
nyg1ghhh,c04e3201,Self Growth,Ankur Warikoo,Podcast,Audio,https://open.spotify.com/show/1g7wpoqydK6hszvi4DFywg?si=59ea1825101047d3,Poadcast,https://i.scdn.co/image/ab67656300005f1fe45a19a369c8b621dcc41e33
fvc2o4ss,5f6a443b,Learning,Duolingo,Learn Multiple Languages,Application,https://www.duolingo.com/,,https://play-lh.googleusercontent.com/5HArxowfNkgY9plIJWLDNi3vtH1oRdZJuW5Iv3dt4dfacjzqiQzE8tElzK7mzhXrz1o=w240-h480-rw
5b33a1j2,5f6a443b,Learning,Self Management,"Skills allow you to maximize your productivity, improve your workplace performance and efficiently achieve goals.",Blog,https://www.indeed.com/career-advice/career-development/self-management-skills,,https://cdn-icons-png.flaticon.com/512/2327/2327142.png
vbf159bc,5f6a443b,Learning,Web Development,Learn everything you need to know to become a web developer,Website,https://www.theodinproject.com/,,https://pbs.twimg.com/profile_images/853541927781904384/LKvUgs4u_400x400.jpg
cnmotxo8,5f6a443b,Learning,Excel,Learn all about Microsoft Excel,Website,https://chandoo.org/,,https://chandoo.org/img/logos/chandoo-learn-excel-and-charting-logo.png
o1d6wq7r,5f6a443b,Learning,Photography,Know all about photography skill,Video,https://www.youtube.com/user/FStoppers,,https://yt3.ggpht.com/ytc/AMLnZu-eHdhMCFJYW-_OyiEK_PERgVULIsvtFtaWywSJ=s176-c-k-c0x00ffffff-no-rj
o685pua7,5f6a443b,Learning,Digital Marketing,"Boost your digital marketing skills with real-world, hands-on experience.",Website,https://www.google.com/grants/get-help/nonprofit-marketing-immersion/,,https://cdn-icons-png.flaticon.com/512/270/270799.png
mtljmacm,5f6a443b,Learning,Speed Typing,Improve your typing speed,Website,https://www.speedtypingonline.com/typing-tutor,,https://www.speedtypingonline.com/images/STO_logo_wText.png?2
ghrsuu66,5f6a443b,Learning,Learn anything,Mastering the toughest part of learning anything,Video,https://youtu.be/5MgBikgcWnY,,https://yt3.ggpht.com/ytc/AMLnZu_rYCQLaGXj6k5hTFivTXDt_eJ39Beu4uEdUggVhw=s176-c-k-c0x00ffffff-no-rj
hds4p6k9,5f6a443b,Learning,Learning Style,"You are not a visual learner, learning styles are a stubborn myth",Video,https://www.youtube.com/watch?v=rhgwIhB58PA,,https://yt3.ggpht.com/ytc/AMLnZu-FU1d2Jd6AKRDpCwrxrraoKJ3Nrtk4iMpHBdAV4Q=s176-c-k-c0x00ffffff-no-rj
s1qyljbk,5f6a443b,Learning,Learning Technique,How to learn more effectively,Blog,https://www.verywellmind.com/how-to-become-a-more-effective-learner-2795162,,https://cdn-icons-png.flaticon.com/512/3212/3212202.png
et4s21mf,08c7f2fb,Deal With Anxiety,Calm your anxiety,Strategies you can use to avoid feeling consumed by anxiety.,Blog,https://www.healthline.com/health/mental-health/how-to-cope-with-anxiety,,https://www.kindpng.com/picc/m/193-1935034_transparent-healthline-logo-hd-png-download.png
55wgf46g,08c7f2fb,Deal With Anxiety,Tedx Talks,How to cope up with anxiety,Video,https://youtu.be/WWloIAQpMcQ,,https://yt3.ggpht.com/ytc/AMLnZu_rYCQLaGXj6k5hTFivTXDt_eJ39Beu4uEdUggVhw=s176-c-k-c0x00ffffff-no-rj
5xai7166,08c7f2fb,Deal With Anxiety,Sandeep Maheshwari,How to deal with anxiety,Video,https://www.youtube.com/watch?v=eAK14VoY7C0,,https://yt3.ggpht.com/W-LbQKXkf3HJsvau1PC8jnOoryI_7AjdGGORmmpWUO4Bdb3Alem-X4fasmV43aRXRydCy3gyAig=s176-c-k-c0x00ffffff-no-rj
n4ksyqcg,08c7f2fb,Deal With Anxiety,Calm,Find your calm,Website,https://www.calm.com/,,https://play-lh.googleusercontent.com/S76GphUu2pZa249td2Bb4XAhLcPRrFdL1zp_5qU1ouukvRq9r0-8jJ-CruaTtdT6g84=w240-h480-rw
mpuv8j8v,08c7f2fb,Deal With Anxiety,Rewire your brain,The power of affirmations that will change your bad habits,Resource URL,https://www.amazon.in/Rewire-Your-Brain-Think-Better/dp/0470487291,,"https://m.media-amazon.com/images/I/41+2lKL0AFL._SX331_BO1,204,203,200_.jpg"
emyne3fn,08c7f2fb,Deal With Anxiety,Create your own calm,A Journal for Quieting Anxiety,Resource URL,https://www.amazon.in/Create-Your-Own-Calm-Quieting/dp/0593084144/ref=asc_df_0593084144/?tag=googleshopdes-21&linkCode=df0&hvadid=397083387977&hvpos=&hvnetw=g&hvrand=13012839687601915092&hvpone=&hvptwo=&hvqmt=&hvdev=c&hvdvcmdl=&hvlocint=&hvlocphy=9303927&hvtargid=pla-921126610966&psc=1&ext_vrnc=hi,,"https://m.media-amazon.com/images/I/51LbWHTWizL._SX358_BO1,204,203,200_.jpg"
8osik3fu,08c7f2fb,Deal With Anxiety,TeensHealth,Ways to cope up with anxiety,Blog,https://kidshealth.org/en/teens/anxiety-tips.html,,https://chicagotherapist.com/wp-content/uploads/2018/12/Teens-Health.jpg
sodrccca,08c7f2fb,Deal With Anxiety,Verywellmind,What to do to cope up with anxiety,Blog,https://www.verywellmind.com/manage-your-anxiety-2584184,,https://mma.prnewswire.com/media/1630463/VW_mind_main_Logo.jpg?p=twitter
ion4otfa,08c7f2fb,Deal With Anxiety,Ankur Warikoo,The art of Overthinking,Audio,https://open.spotify.com/episode/1jmSu8ny46CZE4dqCdnlpD?si=6ab138eb929a4ea9,,https://m.media-amazon.com/images/M/MV5BOTZlZjZlOWYtNTExMC00MGI5LWI1NWMtYTMyODUwMjU3ZjczXkEyXkFqcGdeQXVyMTM1MTE1NDM1._V1_.jpg
l4463q76,08c7f2fb,Deal With Anxiety,Anxiety - Stress Relief Helper,Image,Image,https://theannapurnaexpress.com/admin/wp-content/uploads/media/Dealingwithanxiety_20220127143638.png,,https://theannapurnaexpress.com/admin/wp-content/uploads/media/Dealingwithanxiety_20220127143638.png
ay4qcrky,5f6a443b,Learning,Ankur Warikoo,Learning Styles,Audio,https://open.spotify.com/episode/1cligplzQi9C1Y3ok1A0HV?si=c99d830e15804948,,https://m.media-amazon.com/images/M/MV5BOTZlZjZlOWYtNTExMC00MGI5LWI1NWMtYTMyODUwMjU3ZjczXkEyXkFqcGdeQXVyMTM1MTE1NDM1._V1_.jpg
djbwbrfi,ls9w3gzv,Decluttering Routines,LifeHack,How to Declutter Your Life and Reduce Stress,Blog,https://www.lifehack.org/articles/lifestyle/how-to-declutter-your-life-and-reduce-stress.html,,https://cdn.lifehack.org/wp-content/themes/v6/images/lifehack-main-logo.png
1caw1vch,ls9w3gzv,Decluttering Routines,Image,5 decluttering tips,Image,https://i.pinimg.com/736x/1f/db/6b/1fdb6bd58bfd277dccacede6a2f190de.jpg,,https://i.pinimg.com/736x/1f/db/6b/1fdb6bd58bfd277dccacede6a2f190de.jpg
kdmixve5,ls9w3gzv,Decluttering Routines,Simplify your life,"Place to help you simplify your life, declutter your mind, and connect with your heart",Website,https://bemorewithless.com/,,https://courses.bemorewithless.com/wp-content/uploads/2022/06/bmwl-logo.png
45s1cw2y,ls9w3gzv,Decluttering Routines,Declutter your mind,"How to Stop Worrying, Relieve Anxiety and Eliminate Negative Thinking",Resource URL,https://www.amazon.in/Declutter-Your-Mind-S-Scott/dp/9391019056/ref=sr_1_3?keywords=declutter+your+mind&qid=1666969025&qu=eyJxc2MiOiIyLjU5IiwicXNhIjoiMS40MSIsInFzcCI6IjEuNjQifQ%3D%3D&s=books&sr=1-3,,"https://m.media-amazon.com/images/I/41cBXROKkqL._SX323_BO1,204,203,200_.jpg"
awwpouxz,ls9w3gzv,Decluttering Routines,Mental detox,3 practical tips to declutter and detoxify your mind,Video,https://youtu.be/kcd29kqUY48,,https://yt3.ggpht.com/ytc/AMLnZu8UQOVIkub0P45Tkom1oY0xjZSILc4GQ0WRAEpi7w=s176-c-k-c0x00ffffff-no-rj
odj1fcs4,ls9w3gzv,Decluttering Routines,Personal Growth,15 ways to declutter your mind,Blog,https://chopra.com/articles/15-ways-to-declutter-your-mind,,https://chopra.brightspotcdn.com/9c/2f/b52af35a4e96b617366a0b440060/chorpa-emblem-midnight.jpg
f5t8rfs2,ls9w3gzv,Decluttering Routines,Quote,Image,Image,https://itsallyouboo.com/wp-content/uploads/2018/11/declutter-your-mind-to-focus-better-at-work-Louise-Smith-Quote.jpg,,https://itsallyouboo.com/wp-content/uploads/2018/11/declutter-your-mind-to-focus-better-at-work-Louise-Smith-Quote.jpg
8tgvmeyj,ls9w3gzv,Decluttering Routines,Checklist to declutter,Image,Image,https://946583.smushcdn.com/2542770/wp-content/uploads/2017/07/declutter-your-life-2.png?lossy=1&strip=1&webp=1,,https://itsallyouboo.com/wp-content/uploads/2018/11/declutter-your-mind-to-focus-better-at-work-Louise-Smith-Quote.jpg
z3k18ow3,ls9w3gzv,Decluttering Routines,Sharp your brain,How to declutter your mind for a sharper brain.,Blog,https://www.lifehack.org/620550/how-to-declutter-your-brain-and-get-organized,,https://cdn.lifehack.org/wp-content/themes/v6/images/lifehack-main-logo.png
zjvy4143,ls9w3gzv,Decluttering Routines,Free mental space,10 ways to declutter your mind,Blog,https://daringtolivefully.com/declutter-your-mind,,https://daringtolivefully.com/wp-content/uploads/2015/01/daringtolivefully.png
rerk7y8m,6eb4ffb4,Utility,Google Drive,"Store, share, and collaborate on files and folders from your mobile device, tablet, or computer",Application,https://www.google.com/drive/,,https://encrypted-tbn0.gstatic.com/images?q=tbn:ANd9GcT4Qw4izG59ENBQITZpnFJBmbw42HLF3iH2l6q1IEFl44Bw87tJessAoiv9mabXllOZOMs&usqp=CAU
pzhgt5mo,6eb4ffb4,Utility,Avast,"Free antivirus for PC, Mac & Android.",Application,https://www.avast.com/en-in/index#pc,,https://static3.avast.com/10002665/web/i/v2/components/logos/avast-logos/seo/open-graph-image.png
znck4wfx,6eb4ffb4,Utility,Peazip,PeaZip is a free and open-source file manager and file archiver,Application,https://peazip.github.io/,,https://upload.wikimedia.org/wikipedia/commons/thumb/f/fe/Peazip_ico.svg/1200px-Peazip_ico.svg.png
yttspqyn,6eb4ffb4,Utility,Adobe Photoshop,"Create beautiful images, graphics, paintings and 3D artwork on your desktop or iPad.",Application,https://www.adobe.com/in/products/photoshop.html,,https://upload.wikimedia.org/wikipedia/commons/thumb/a/af/Adobe_Photoshop_CC_icon.svg/640px-Adobe_Photoshop_CC_icon.svg.png
mvb2w67l,6eb4ffb4,Utility,Blender,Blender is the free and open source 3D creation suite.,Application,https://www.blender.org/download/,,https://download.blender.org/branding/blender_logo_socket.png
qnvrv3fi,6eb4ffb4,Utility,Audacity,Audacity is a free and open-source digital audio editor and recording application software,Application,https://www.audacityteam.org/download/,,https://www.audacityteam.org/wp-content/uploads/2017/04/Audacity_Logo_512px_transparent.png
duvz9ox1,6eb4ffb4,Utility,Android Studio,Android Studio is the official integrated development environment for Google's Android operating system,Application,https://developer.android.com/studio,,https://upload.wikimedia.org/wikipedia/commons/thumb/e/e3/Android_Studio_Icon_%282014-2019%29.svg/1200px-Android_Studio_Icon_%282014-2019%29.svg.png
rqtj791b,6eb4ffb4,Utility,AppSheet,"AppSheet is a true no-code platform, which means anyone can build rich apps and automated processes without writing a line of code.",Website,https://cloud.google.com/appsheet,,https://play-lh.googleusercontent.com/rW4cFCs9COZhpTYlW9x9OL2lKAy9kkPCTEfEUliybKOiXLsfi2BlOWyvZolbCiszcj4=w240-h480-rw
oq14qpak,6eb4ffb4,Utility,Google Lens,"Google Lens lets you search what you see, get things done faster, and understand the world around you",Application,https://play.google.com/store/apps/details?id=com.google.ar.lens&hl=en_IN&gl=US,,https://play-lh.googleusercontent.com/G5oF0mhpOcQzFTrU6TDUL0JoAjzRt38weiZKua7L61WVT1z3dPcE9gUu-W2EwtM9cZU=w240-h480-rw
xb7l7iyq,6eb4ffb4,Utility,Ixigo,Train Ticket Booking App,Application,https://play.google.com/store/apps/details?id=com.ixigo.train.ixitrain&hl=en_IN&gl=US,,https://play-lh.googleusercontent.com/hqBIT_YHJYDbNtsiL79ai6CQtgblYjT7bAVrPO0idwyHOKdZUAD_hzTGqniM6l6rbRY=w240-h480-rw
ypmixoi5,55458dd7,Need Break,Symptoms you need a break,Importance of taking a break from your daily routine,Blog,https://www.healthshots.com/preventive-care/self-care/the-importance-of-taking-a-break-from-your-daily-routine/,,https://www.htmedia.in/wp-content/uploads/2020/08/healthshots-logo-new-1.png
mm4ykbz1,55458dd7,Need Break,Why need break,Make breaks part of your routine,Blog,https://medium.com/taking-note/why-you-need-to-make-breaks-part-of-your-routine-197e1d64ecb2,,https://cdn.mos.cms.futurecdn.net/uazw6gFQuEC29mxMM55Tpb.jpg
efxhuccm,55458dd7,Need Break,Google Travel,"Plan your trip with Google. Find flights, hotels, vacation rentals, things to do, and more.",Website,https://www.google.com/travel/,,https://cdn.worldvectorlogo.com/logos/google-travel.svg
4xkcbhor,55458dd7,Need Break,Important to take break,Taking a break is important,Video,https://youtube.com/shorts/o0ELuSqGSrI?feature=share,,https://encrypted-tbn0.gstatic.com/images?q=tbn:ANd9GcTFxQXqLbKXdQ_XkdrwP11twQK5aYZ3_Zpk0sjqEf4XRFFa10OFivkSDOgpBCoB_beRwn4&usqp=CAU
fmeaoor5,55458dd7,Need Break,Tiny buddha,40 ways to give yourself a break,Blog,https://tinybuddha.com/blog/40-ways-to-give-yourself-a-break/,,https://cdn.tinybuddha.com/wp-content/themes/tinybuddha/images/logo.png
gddomhjt,55458dd7,Need Break,Declutter the mind,10 things to do to take a break,Blog,https://declutterthemind.com/blog/i-need-a-break/,,https://declutterthemind.com/wp-content/uploads/declutterlogo1680x157g.svg
vrr1vd3e,55458dd7,Need Break,Quote,Image,Image,https://learninginlife.com/wp-content/uploads/2016/06/11174816_973665869371786_471528188838735953_n.jpg,,https://learninginlife.com/wp-content/uploads/2016/06/11174816_973665869371786_471528188838735953_n.jpg
ennfbb2x,55458dd7,Need Break,Quote,Image,Image,https://i.pinimg.com/736x/17/5c/db/175cdb0f469dabbdd86d1659f2baec61.jpg,,https://learninginlife.com/wp-content/uploads/2016/06/11174816_973665869371786_471528188838735953_n.jpg
2hrkwrls,55458dd7,Need Break,Spotify,Digital music service that gives you access to millions of songs.,Application,https://open.spotify.com/,,https://developer.spotify.com/assets/branding-guidelines/icon3@2x.png
n1spxkvc,g98a94gj,Relationships,HelpGuide,Tips for Building a healthy relationship,Blog,https://www.helpguide.org/articles/relationships-communication/relationship-help.htm,,https://www.helpguide.org/wp-content/uploads/2019/07/HelpGuideLongLogoV8-03_tight-crop.png
r8dqa82d,d308ebe2,Professional Consultancy,International Mental Health Collaborating Network,Supporting community mental health and taking better care of people with mental health problems.,Website,https://imhcn.org/,,https://imhcn.org/wp-content/uploads/logo-large.jpeg
dqas2fos,d308ebe2,Professional Consultancy,Practo,Connect with Psychiatrists Consultancy,Website,https://www.practo.com/nagpur/psychiatrist,,https://blog.practo.com/wp-content/uploads/2017/04/1.png
9uvmd7ng,d308ebe2,Professional Consultancy,Counselling Psychology,About what happen in psychology,Blog,https://www.apa.org/ed/graduate/specialize/counseling,,https://www.apa.org/Content/Images/logo.png
emjvbz4v,d308ebe2,Professional Consultancy,Practo,Connect with Counselling Psychologists,Website,https://www.practo.com/nagpur/counselling-psychologist,,https://blog.practo.com/wp-content/uploads/2017/04/1.png
o1cgpxg8,d308ebe2,Professional Consultancy,Sulekha,Psychological Counselling & Healing Services,Website,https://www.sulekha.com/psychological-counselling-healing-centres/nagpur,,https://img.favpng.com/0/4/24/logo-sulekha-properties-sulekha-com-clip-art-png-favpng-TUp12eQFyGr8vkVYe70D9YMY5.jpg
rsdghd3c,d308ebe2,Professional Consultancy,About Counselling,"What is Counselling ? Definition, Types & Process",Blog,https://www.edumilestones.com/blog/details/what-is-counselling-definition-types-process,,https://edumilestones.com/blog/images/logo.png
4vt5kjtc,d308ebe2,Professional Consultancy,Depression Counselling,How to treat depression without medicines,Video,https://www.youtube.com/watch?v=RDxMxOKpoQQ,,https://yt3.ggpht.com/ytc/AMLnZu9xScd9q4tHqxB6M6sStOyXDn2QHRXbjxZg2-ZM=s176-c-k-c0x00ffffff-no-rj
i3sski99,d308ebe2,Professional Consultancy,Why Counselling,5 Signs that You Need Therapy!,Video,https://www.youtube.com/watch?v=AqnGLiWt_34,,https://yt3.ggpht.com/ytc/AMLnZu-VLDBJnDubub6wxUIH1ihcmw5mxasqhcAd95MFsQ=s176-c-k-c0x00ffffff-no-rj
9z6whltm,d308ebe2,Professional Consultancy,Why consultancy,Image,Image,https://s3-ap-south-1.amazonaws.com/blogmindler/bloglive/wp-content/uploads/2019/03/11113602/How-to-Become-a-Counsellor-in-India.png,,https://s3-ap-south-1.amazonaws.com/blogmindler/bloglive/wp-content/uploads/2019/03/11113602/How-to-Become-a-Counsellor-in-India.png
pdljfb22,d308ebe2,Professional Consultancy,Why consultancy,Image,Image,https://img.freepik.com/free-vector/man-doing-human-brain-puzzle-psychology-psychotherapy-session-mental-healing-wellbeing-therapist-counselling-mental-illness-difficulties-violet-palette-vector-isolated-illustration_335657-2248.jpg?auto=format&h=200,,https://img.freepik.com/free-vector/man-doing-human-brain-puzzle-psychology-psychotherapy-session-mental-healing-wellbeing-therapist-counselling-mental-illness-difficulties-violet-palette-vector-isolated-illustration_335657-2248.jpg?auto=format&h=200
nfrdanhp,d308ebe2,Professional Consultancy,BetterHelp,Therapy program,Website,https://www.betterhelp.com/,,https://dy7glz37jgl0b.cloudfront.net/brand/betterhelp/logo_reverse_medium.png?v=966d54b722cb
7lj34io3,b2293dc3,Mental Health,Calm Sage,Blogs related to deal with mental health issues,Blog,https://www.calmsage.com/category/mental-health/,,https://rnebolte.sirv.com/self_care_appdata/icons/Resource_icons/calm-sage-icon.png
1nl5lr5q,c5c88434,Motivational,Calm Sage,Blogs related to ,Blog,https://www.calmsage.com/category/self-improvement/motivation/,,https://rnebolte.sirv.com/self_care_appdata/icons/Resource_icons/calm-sage-icon.png
qze876jp,2b20d522,Health Management,Calm Sage,Blogs related to dealing with management issues,Blog,https://www.calmsage.com/category/self-improvement/self-care/,,https://rnebolte.sirv.com/self_care_appdata/icons/Resource_icons/calm-sage-icon.png
chi2v7uh,109a774b,Inspirational,Get your Daily Quotes,Get quotes by various influencers,Website,https://graciousquotes.com/,Quotes,https://rnebolte.sirv.com/self_care_appdata/icons/Resource_icons/quotes-icon.png
9cuc5vxu,c5c88434,Motivational,Gary Vee,Talks about working hard and saving it,Audio,https://open.spotify.com/episode/6BHSg7kujV7RFDilbBMxY4,,https://rnebolte.sirv.com/self_care_appdata/icons/Resource_icons/spotify-icon.png
3q11ocbi,5f6a443b,Learning,Ankur Warikoo,5 ways to master speaking english,Video,https://www.youtube.com/watch?v=RtN96mI6wt0,,https://yt3.ggpht.com/X9eoDIB9cgb1s-kvATRs1lQDcU4Fjc15NDV9s9FF8ck7IsA8u7OdijaernoDV9LLdePgjlt_=s176-c-k-c0x00ffffff-no-rj
u33nekig,5f6a443b,Learning,Spoken English Guru,English Speaking Course,Video,https://youtube.com/playlist?list=PLsXdBvuJ5ox7U8HipGaQoS95fFcIhKRRS,,https://yt3.ggpht.com/ytc/AMLnZu9nzLeGnnza-QrboZyg7EGNK3OfBwQbIZ8D_ZZ1ug=s88-c-k-c0x00ffffff-no-rj
mx6ubbsl,c5c88434,Motivational,Ben Lionel Scott,Talks about what is real success,Audio,https://open.spotify.com/episode/6rz6YitU16BolBuSXsY3jj,,https://rnebolte.sirv.com/self_care_appdata/icons/Resource_icons/spotify-icon.png
98teeesq,2b20d522,Health Management,Motivationaly,Talks about how to stay healthy during a pandemic,Blog,https://motivationalspeech.xyz/stay-healthy-during-a-pandemic/,,https://motivationalspeech.xyz/wp-content/uploads/2020/07/cropped-motivational-speech-1-9.png
v2iaw511,c5c88434,Motivational,Christian Cardenas,Talks about struggle and discipline,Audio,https://open.spotify.com/track/16y4pU9eyx0B1RiFdy6Tad,,https://rnebolte.sirv.com/self_care_appdata/icons/Resource_icons/spotify-icon.png
fnidlhw6,109a774b,Inspirational,Sandeep Maheshwari,Talks about Albert Einstein quote 'the true sign of intelligence is not knowledge but imagination.',Video,https://youtu.be/RQgSyIDqVQY,,https://yt3.ggpht.com/W-LbQKXkf3HJsvau1PC8jnOoryI_7AjdGGORmmpWUO4Bdb3Alem-X4fasmV43aRXRydCy3gyAig=s176-c-k-c0x00ffffff-no-rj
y5dxu566,9552470e,Physical Health,Hurberman lab,Protocal and tools to optimize physical health,Audio,https://open.spotify.com/episode/5LYlDlDu61KTirMe46YERi?si=c138f4b63f194c51,,https://i.scdn.co/image/ab6765630000ba8a163bf8f74577a2246184654b
ygh5mi1g,9552470e,Physical Health,The Ranveer Show,Health and fitness guide,Audio,https://open.spotify.com/episode/7tk43nVbEIEEprzXNL2S5t?si=d0d34ce4c3f4465a,,https://yt3.ggpht.com/qRQ8KKGGxlP9uemZw9WbBkesyXSnnHdWlm3K5eQvkXKUL15aNuTefXOaUu00OJl7jfo-AGWqFw=s900-c-k-c0x00ffffff-no-rj
atr341al,9552470e,Physical Health,The Ranveer Show,Fitness coach shares workout and diet secrtes,Audio,https://open.spotify.com/episode/3yrNzHityUGww9fjxm01Sx?si=d1ed72e7d24e45e0,,https://yt3.ggpht.com/qRQ8KKGGxlP9uemZw9WbBkesyXSnnHdWlm3K5eQvkXKUL15aNuTefXOaUu00OJl7jfo-AGWqFw=s900-c-k-c0x00ffffff-no-rj
joucd5tf,a6d0f589,Sleep Management,Sadhguru,Do these 5 things before sleeping,Video,https://youtu.be/F5378Ag9EjA,,https://yt3.ggpht.com/jBfoRxDyDktypbBYYra8woH5YUM9C89E7bDEE2c6qcEjjbGDRXYJEJZd0oyBpMGalKk5Nz8F6Jo=s176-c-k-c0x00ffffff-no-rj
hiagyro2,f87d9f9d,Time Management,Ankur Warikoo,Time management tips,Video,https://youtu.be/op_jwGT6Bvc,,https://yt3.ggpht.com/X9eoDIB9cgb1s-kvATRs1lQDcU4Fjc15NDV9s9FF8ck7IsA8u7OdijaernoDV9LLdePgjlt_=s176-c-k-c0x00ffffff-no-rj
wk2xppz9,f87d9f9d,Time Management,Ali abdal,10 Time management tips,Video,https://youtu.be/iONDebHX9qk,,https://yt3.ggpht.com/ytc/AMLnZu8jMuRdEFMazCjhD3Ox-ItOtqT8vtoEkAbjuDis=s176-c-k-c0x00ffffff-no-rj
bloia83e,5f6a443b,Learning,CodeWithHarry,Android Development Tutorial for Beginners,Video,https://youtu.be/mXjZQX3UzOs,,https://yt3.ggpht.com/ytc/AMLnZu8dZQJYCt6Ffcd-pl113huuo_HJ3PpvgkyFk5FkrQ=s176-c-k-c0x00ffffff-no-rj
2hhcy7h1,g98a94gj,Relationships,Sandeep Maheshwari,Secret of a Happy Relationship,Video,https://youtu.be/0uLLuodEFhE,,https://cdn-icons-png.flaticon.com/512/1384/1384060.png
qaqd3nij,g98a94gj,Relationships,Gaur Gopal Das.,Secret Of A Long Lasting Relationship,Video,https://www.youtube.com/watch?v=A45rpr3KLe8,,https://cdn-icons-png.flaticon.com/512/1384/1384060.png
ky5q8tra,g98a94gj,Relationships,Relationships Matter,Why relationships matter and how to build one,Blog,https://www.psychologytoday.com/us/basics/relationships,,https://www.crossfit.com/wp-content/uploads/2019/03/01150304/PsychologyToday_Logo-front.png
hpqu6rk7,g98a94gj,Relationships,Ankur Warikoo,Why relationships are hard,Audio,https://open.spotify.com/episode/52wJ8KJGRF07FSP4HKpsZ5?si=c1e2a5ba4b444ed3,,https://m.media-amazon.com/images/M/MV5BOTZlZjZlOWYtNTExMC00MGI5LWI1NWMtYTMyODUwMjU3ZjczXkEyXkFqcGdeQXVyMTM1MTE1NDM1._V1_.jpg
tkflgouk,g98a94gj,Relationships,Ankur Warikoo,Ending Relationship,Audio,https://open.spotify.com/episode/7xcMQ4GUyeAhQvJNCv4eVf?si=38490e1522a24b48,,https://m.media-amazon.com/images/M/MV5BOTZlZjZlOWYtNTExMC00MGI5LWI1NWMtYTMyODUwMjU3ZjczXkEyXkFqcGdeQXVyMTM1MTE1NDM1._V1_.jpg
88uf3g5e,g98a94gj,Relationships,On Purpose,3 ways love affects the brain & 3 steps for healthy relationships,Audio,https://open.spotify.com/episode/5wBgXfTMRaEGneKtD2v1ig?si=8ce0274b1253422e,,https://i.scdn.co/image/ab6765630000ba8a513a9f74a6e1a5e869832899
u6p7najn,g98a94gj,Relationships,On Purpose,Boundaries to set in relationships,Audio,https://open.spotify.com/episode/4ujMBEAkkAU2cY3fLz1qcF?si=1e6366c7aff64e1a,,https://i.scdn.co/image/ab6765630000ba8a513a9f74a6e1a5e869832899
zc6expbs,g98a94gj,Relationships,Attached,"Are you Anxious, Avoidant or Secure? How the science of adult attachment can help you find  and keep  love",Resource URL,https://www.amazon.in/Attached-Anxious-Avoidant-science-attachment/dp/1529032172/ref=sr_1_1?keywords=Attached&qid=1667035015&qu=eyJxc2MiOiIxLjE0IiwicXNhIjoiMC42MiIsInFzcCI6IjAuNzIifQ%3D%3D&s=books&sr=1-1,,"https://m.media-amazon.com/images/I/31xoRT15FRL._SX328_BO1,204,203,200_.jpg"
4yfiqc6r,g98a94gj,Relationships,The 5 love languages,The Secret to Love that Lasts,Resource URL,https://www.amazon.com/Love-Languages-Secret-that-Lasts/dp/080241270X/ref=as_li_ss_tl?keywords=five+love+languages&qid=1565795122&s=books&sr=1-2&linkCode=sl1&tag=entsblo-20&linkId=d4a129f656a8f96ef321524944bf0abb,,"https://m.media-amazon.com/images/I/51c0ewv4OML._SX417_BO1,204,203,200_.jpg"
wt6vh712,g98a94gj,Relationships,Image,Factors that affect relationship,Image,https://mind.help/wp-content/uploads/2021/07/Factors-that-can-affects-relationships-1-1.jpg,,https://rnebolte.sirv.com/self_care_appdata/icons/Resource_icons/mindjournal-icon.png
bhngfsvd,g98a94gj,Relationships,Showing love,Image,Image,https://st4.depositphotos.com/1028367/25382/v/600/depositphotos_253823270-stock-illustration-relationship-marriage-date-love-story.jpg,,https://st4.depositphotos.com/1028367/25382/v/600/depositphotos_253823270-stock-illustration-relationship-marriage-date-love-story.jpg
ne6uo844,g98a94gj,Relationships,Tinder,Online Dating Application,Application,https://play.google.com/store/apps/details?id=com.tinder&referrer=utm_source=website&utm_medium=cta&utm_campaign=website_home,,https://play-lh.googleusercontent.com/qimgg9SRFgp1S06iKTv5e0L8aziUhPYCE7Vn1YEylejPfOrrMkB5PdADQbsyPBLFy9Xe=w240-h480-rw
59wsivda,g98a94gj,Relationships,Bumble,Online Dating Application,Application,https://play.google.com/store/apps/details?id=com.bumble.app,,https://play-lh.googleusercontent.com/tH2ui3MqYnTyt7EG9S3DVNDO7SV7eRtts2phjaE-vZNBvf4meAx5_a5LZc_IbZGAFw=w240-h480-rw
zghx5cba,g98a94gj,Relationships,5 love languages,Relationships don't have to be complicated. Discover your love language.,Website,https://5lovelanguages.com/,,https://yt3.ggpht.com/DCLbSZtTd9Rgd53zW6wnRbCDDlLQ2hGg-6MbAjR1ka2g2lUCyeMSEM1V-cKPgl1ac4KtDp7YFw=s900-c-k-c0x00ffffff-no-rj
9dq7x56e,g98a94gj,Relationships,Long Distance,Actionable advice for long distance relationship,Website,https://lastingthedistance.com/,,https://lastingthedistance.com/wp-content/uploads/2022/03/Lasting-The-Distance-V2-Logo-light-blue-bg-400x103-min.png
uuypykz3,5f6a443b,Learning,AudioBooks,"Free access to all you can listen Sleep & Meditation Audio, Audio News and Audio Magazines, Book Summaries, binge listening Book Clubs, and much more.",Application,https://play.google.com/store/apps/details?id=com.audiobooks.androidapp,,https://rnebolte.sirv.com/self_care_appdata/icons/Resource_icons/audiobooks-icon.png
zurvyuli,c5c88434,Motivational,Brian Tracy,Podcast,Audio,https://open.spotify.com/episode/6bBQGOFZh2xM5pIPlAyM6M,,https://rnebolte.sirv.com/self_care_appdata/icons/Resource_icons/spotify-icon.png
nlb47nac,f87d9f9d,Time Management,Brian Tracy,Talks about being more productive with less effort,Blog,https://www.briantracy.com/blog/time-management/productivity-tips/,,https://rnebolte.sirv.com/self_care_appdata/icons/Resource_icons/brian-tracy-icon.png
herv76el,c5c88434,Motivational,Brian Tracy,Podcast,Audio,https://open.spotify.com/episode/2xTx40zV3aZm4usCzV3bPl,,https://rnebolte.sirv.com/self_care_appdata/icons/Resource_icons/spotify-icon.png
jahau9z5,c5c88434,Motivational,Gotham Chopra,Podcast,Audio,https://open.spotify.com/episode/5i7YztkGFo3MsYk5mWQ7Zt,,https://rnebolte.sirv.com/self_care_appdata/icons/Resource_icons/spotify-icon.png
us64asg8,c04e3201,Self Growth,Brian Tracy,Talks about daily habits of successful people,Video,https://youtu.be/nu5I85_YAak,,https://cdn-icons-png.flaticon.com/512/1384/1384060.png
egh4o4g6,109a774b,Inspirational,Freenvesting,In these video warren buffett shares two stories about women who started from nothing and sold their businesses to the legendary investor,Video,https://youtu.be/h89uOvUDVO4,,https://cdn-icons-png.flaticon.com/512/1384/1384060.png
oe692gqy,109a774b,Inspirational,Sandeep Maheshwari,Talks about being fearful when others are greedy and greedy when others are fearful,Video,https://youtu.be/dbt-RB18az0,,https://cdn-icons-png.flaticon.com/512/1384/1384060.png
whs2gutf,109a774b,Inspirational,Still Rise Motivation,Talks about Gautam Adani's inspirational journey,Video,https://youtu.be/Ho26D4rkpic,,https://cdn-icons-png.flaticon.com/512/1384/1384060.png
juluk6ek,109a774b,Inspirational,Deepak Bajaj,Talks about different success stories ,Video,https://youtu.be/lntYIT6NPiY,,https://cdn-icons-png.flaticon.com/512/1384/1384060.png
f4uautkt,c04e3201,Self Growth,Deepak Bajaj,Talks about life lessons from bhagavad gita,Video,https://youtu.be/BPdPEbyfOrQ,,https://cdn-icons-png.flaticon.com/512/1384/1384060.png
vgr7ekaf,109a774b,Inspirational,Still Rise Motivation,Talks about Mukesh Ambani's inspirational journey,Video,https://youtu.be/f6qngqhl-as,,https://cdn-icons-png.flaticon.com/512/1384/1384060.png
p3tt1j3z,109a774b,Inspirational,Still Rise Motivation,Talks about Ratan Tata's inspirational journey and the harships faced.,Video,https://youtu.be/1K0B64ocqag,,https://cdn-icons-png.flaticon.com/512/1384/1384060.png
6yqv4qvp,109a774b,Inspirational,Goal Quest,Talks about learning from mistakes by jJack Ma,Video,https://youtu.be/rSDy5AdfRDI,,https://cdn-icons-png.flaticon.com/512/1384/1384060.png
ecvhbxrh,c5c88434,Motivational,We Can,Talks about not going through life but through life ,Video,https://youtu.be/RBzCp78gzOQ,,https://cdn-icons-png.flaticon.com/512/1384/1384060.png
r8zw9vmo,a6d0f589,Sleep Management,Pella Regional Health Center,"Talks about the importance of sleep, and how that is a factor we can use to help control our stress",Video,https://youtu.be/FXNRj03ojtU,,https://cdn-icons-png.flaticon.com/512/1384/1384060.png
unfpcmds,a6d0f589,Sleep Management,The Honest Guys,Guided sleep meditation,Video,https://youtu.be/TP2gb2fSYXY,,https://cdn-icons-png.flaticon.com/512/1384/1384060.png
ttg7kscq,c5c88434,Motivational,Ahmed Ismail,Remember your dream,Video,https://youtu.be/C31rj-bZ7dA,,https://cdn-icons-png.flaticon.com/512/1384/1384060.png
k8edatpd,ls9w3gzv,Decluttering Routines,Notion (WebApp),"Take Notes, Manage your project totally, Share with other members of company or organizations coordinate deadlines, objectives, and assignments for greater efficiency and productivity.",Website,https://www.notion.so/product,,https://rnebolte.sirv.com/self_care_appdata/icons/Resource_icons/Notion-logo.png?w=150&h=150
rm7dgo5i,5d7dbcec,Productivity,Ankur Warikoo,10 Productivity tips and tricks,Video,https://youtu.be/U0gvKt7TKic,,https://cdn-icons-png.flaticon.com/512/1384/1384060.png
zegirbhs,109a774b,Inspirational,Karma Inspired,Buddhist Inspirational Story https://cdn-icons-png.flaticon.com/512/1384/1384060.png Your Life,Video,https://youtu.be/fv9hSzhlnZU,,https://cdn-icons-png.flaticon.com/512/1384/1384060.png
7bomxfp2,a6d0f589,Sleep Management,Katie McLaughlin," Calming progressive muscle relaxation meditation which help in ease anxiety, lower stress and help you fall asleep faster",Video,https://youtu.be/IZub-H2G4d4,,https://cdn-icons-png.flaticon.com/512/1384/1384060.png
hd8s3k7b,g98a94gj,Relationships,Ankur Warikoo,Mistakes made in a relationship,Video,https://youtu.be/hPk2F0cDmUI,,https://cdn-icons-png.flaticon.com/512/1384/1384060.png
b33qjzy5,40ff6da3,Relaxation,Katie McLaughlin,Guided meditation will help you to relax your mind and body ,Video,https://youtu.be/dn5DfAmLWvw,,https://cdn-icons-png.flaticon.com/512/1384/1384060.png
s5qd2lon,c5c88434,Motivational,Quote of the day,Quotes about life,Image,https://www.instagram.com/quoteoftheday/,Instagram Page,https://instagram.fbom3-2.fna.fbcdn.net/v/t51.2885-19/29088606_1892675734356638_7379389551292186624_n.jpg?stp=dst-jpg_s150x150&_nc_ht=instagram.fbom3-2.fna.fbcdn.net&_nc_cat=102&_nc_ohc=6f2Q5SqcBaUAX_ycGQ6&edm=APU89FABAAAA&ccb=7-5&oh=00_AfDlA7B0K3WYg6cVqLI1B8ClT7JVp9NY1wijDw5EPWTS4w&oe=6364B818&_nc_sid=86f79a
1hzr1apk,5f6a443b,Learning,Good reads,World's largest site for readers and book recommendations.,Image,https://www.instagram.com/goodreads/,Instagram Page,https://instagram.fbom3-2.fna.fbcdn.net/v/t51.2885-19/51421078_1881249058671585_7209738905740902400_n.jpg?stp=dst-jpg_s150x150&_nc_ht=instagram.fbom3-2.fna.fbcdn.net&_nc_cat=109&_nc_ohc=XwtdC79Yg5AAX8rcw_A&edm=AOQ1c0wBAAAA&ccb=7-5&oh=00_AfBslIH5xbmP39oCjhh13tJ2yZec9ju4AFPyhRi-PGxQgA&oe=6363F009&_nc_sid=8fd12b
yqwsbvj6,55458dd7,Need Break,Incredible India,Know about India,Image,https://www.instagram.com/incredibleindia/,Instagram Page,https://instagram.fbom3-2.fna.fbcdn.net/v/t51.2885-19/185405587_3991646247596659_4063152687019031460_n.jpg?stp=dst-jpg_s150x150&_nc_ht=instagram.fbom3-2.fna.fbcdn.net&_nc_cat=107&_nc_ohc=mODUC1Ho49YAX9AWUlZ&edm=APU89FABAAAA&ccb=7-5&oh=00_AfCemazAYmIIwTQossObOa99xQfq3EvG0l1fsAxwrGzEZQ&oe=6364592D&_nc_sid=86f79a
hdxccqy7,c04e3201,Self Growth,Get better with books,All about books,Image,https://www.instagram.com/getbetterwithbooks/,Instagram Page,https://instagram.fbom3-1.fna.fbcdn.net/v/t51.2885-19/145062226_120760373202104_2674837707568207030_n.jpg?stp=dst-jpg_s150x150&_nc_ht=instagram.fbom3-1.fna.fbcdn.net&_nc_cat=1&_nc_ohc=sxbO6UpqJF0AX-IpwAd&edm=AOQ1c0wBAAAA&ccb=7-5&oh=00_AfCKEAjROh393W-GcWuXY4ve6dsvCFoMmXR-6gqFC2FgBQ&oe=636414AA&_nc_sid=8fd12b
ygtbd5vg,5d7dbcec,Productivity,Marketing Shivanshu,Reels on Business & Marketing,Video,https://www.instagram.com/marketingshivanshu/,Instagram Page,https://instagram.fbom3-2.fna.fbcdn.net/v/t51.2885-15/274879836_349525420412295_7559738641237731176_n.jpg?stp=dst-jpg_s150x150&_nc_ht=instagram.fbom3-2.fna.fbcdn.net&_nc_cat=103&_nc_ohc=J3z2SM3w1OYAX-orHC6&edm=AGW0Xe4BAAAA&ccb=7-5&oh=00_AfCES3jz8WYOZMgQ57-89eKS0SOvNPv_4EJxyIXS8ZJuUw&oe=6364FBD3&_nc_sid=acd11b
y9zopruh,40ff6da3,Relaxation,Wonderful Places,Wonderful Places to visit,Image,https://www.instagram.com/wonderful_places/,Instagram Page,https://instagram.fbom3-1.fna.fbcdn.net/v/t51.2885-19/11909401_1648411188765558_482213781_a.jpg?_nc_ht=instagram.fbom3-1.fna.fbcdn.net&_nc_cat=1&_nc_ohc=HFVlfVPTWFYAX82ekGj&edm=APU89FABAAAA&ccb=7-5&oh=00_AfAwpCRfAObL64tg2N9Fm_jAZo_1twwLm1vSVK0gaTJwuw&oe=63635860&_nc_sid=86f79a
vdidg8a5,5f6a443b,Learning,Nas Daily,Know something new,Video,https://www.instagram.com/nasdaily/,Instagram Page,https://instagram.fbom3-1.fna.fbcdn.net/v/t51.2885-19/298523273_499660698633909_1569695349831437171_n.jpg?stp=dst-jpg_s150x150&_nc_ht=instagram.fbom3-1.fna.fbcdn.net&_nc_cat=1&_nc_ohc=zersr7MP9NMAX-AhTeW&edm=AOQ1c0wBAAAA&ccb=7-5&oh=00_AfBvb5-FuG3fsbiM9IiPGQ8bD0ZCffWjSJyiEyni2lz0Lw&oe=63653629&_nc_sid=8fd12b
26xblefj,c04e3201,Self Growth,Mark Manson,Life Advices,Image,https://www.instagram.com/markmanson/,Instagram Page,https://cdn-icons-png.flaticon.com/512/2111/2111463.png
42d43zzv,g98a94gj,Relationships,Matthew Hussey,Relationships advice,Video,https://www.instagram.com/thematthewhussey/,Instagram Page,https://cdn-icons-png.flaticon.com/512/2111/2111463.png
ewznxvuw,5f6a443b,Learning,Financial Times,Financial stuffs,Image,https://www.instagram.com/financialtimes/,Instagram Page,https://cdn-icons-png.flaticon.com/512/2111/2111463.png
z8bqc8kn,a6d0f589,Sleep Management,Why we sleep,Unlocking the Power of Sleep and Dreams,Resource URL,https://www.amazon.in/Why-We-Sleep-Unlocking-Dreams/dp/1501144324/ref=sr_1_5?keywords=why+do+we+sleep&qid=1667156415&qu=eyJxc2MiOiIxLjEzIiwicXNhIjoiMC42OSIsInFzcCI6IjAuNTYifQ%3D%3D&s=books&sr=1-5,Book,"https://m.media-amazon.com/images/I/41V63uOCRDL._SX326_BO1,204,203,200_.jpg"
bnlqcqpo,5d7dbcec,Productivity,Do it today,Overcome procrastination improve productivity,Resource URL,https://www.amazon.in/Do-Today-procrastination-productivity-meaningful/dp/0143452126/ref=sr_1_3?crid=12VG8AUTH6OQN&keywords=productivity&qid=1667156609&qu=eyJxc2MiOiI0Ljk3IiwicXNhIjoiNC42NiIsInFzcCI6IjMuMzEifQ%3D%3D&sprefix=productivity%2Caps%2C221&sr=8-3,Book,"https://m.media-amazon.com/images/I/41W-o6xu2bL._SX323_BO1,204,203,200_.jpg"
rriixt2k,5d7dbcec,Productivity,Productivity Gadget,Universal Travel adapter,Resource URL,https://www.amazon.in/SKIN4GADGETS-Universal-Travel-Adapter-Individual/dp/B07GTLWHYZ/ref=sr_1_16?crid=13LUSLH8CFWLY&keywords=productivity+gadgets&qid=1667156763&qu=eyJxc2MiOiI2LjczIiwicXNhIjoiNi4yNyIsInFzcCI6IjIuNzMifQ%3D%3D&sprefix=productivity%2Caps%2C227&sr=8-16,Gadget,https://m.media-amazon.com/images/I/51kNDHtaWzL._SL1200_.jpg
hygu61wc,5d7dbcec,Productivity,Productivity Gadget,Cable Protector Cord,Resource URL,https://www.amazon.in/GIZGA-Protector-Charging-Protective-G55/dp/B08MTCKDYN/ref=sr_1_15?crid=1DZ59I4QGYPQA&keywords=productivity+gadgets&qid=1667204782&qu=eyJxc2MiOiI2LjczIiwicXNhIjoiNi4yNyIsInFzcCI6IjIuNzMifQ%3D%3D&sprefix=productivity+gadgets%2Caps%2C230&sr=8-15,Gadget,https://m.media-amazon.com/images/I/61uyM38tYtS._SL1500_.jpg
kz333vqq,9552470e,Physical Health,,,,,,
yloc5hnk,9552470e,Physical Health,,,,,,
6j3zbr7x,9552470e,Physical Health,,,,,,
fncicxly,9552470e,Physical Health,,,,,,
9lmf7nww,9552470e,Physical Health,,,,,,
5omdergc,9552470e,Physical Health,,,,,,
sfujmnsd,9552470e,Physical Health,,,,,,
ggwnii7g,,,,,,,,
xrgwv3pi,,,,,,,,
6hhrf1ro,,,,,,,,
efu1imgs,,,,,,,,
4b515wnn,g98a94gj,Relationships,,,,,,
yw51kc1n,,,,,,,,
xn1pkls6,,,,,,,,
beqz3ab9,,,,,,,,
nq5wq8n8,,,,,,,,
lq4fdxmp,,,,,,,,
w6s4rsqd,,,,,,,,
2rol5uv7,,,,,,,,
5p7ijtgl,,,,,,,,
djuesxrd,,,,,,,,
elqe6wj1,,,,,,,,
hhk477pt,,,,,,,,
1sfhyu9e,,,,,,,,
rlqjnxo5,,,,,,,,
tcisigh5,,,,,,,,
yzyywsmd,,,,,,,,
ajlks78r,,,,,,,,
k57f1npt,,,,,,,,
7w8y2hkr,,,,,,,,
c94wop7o,,,,,,,,
5oskeyly,,,,,,,,
z9kqo7pm,,,,,,,,
ihhusjyb,,,,,,,,
id5e9yjz,,,,,,,,
xu2858ja,,,,,,,,
kz3lfr67,,,,,,,,
adouno44,,,,,,,,
e37c7roo,,,,,,,,
uthyyc23,,,,,,,,
ba89rqmi,,,,,,,,
sydqk9db,,,,,,,,
36qvg5ht,,,,,,,,
ikhibf93,,,,,,,,
umtbaysr,,,,,,,,
bbzs1nbr,,,,,,,,
mw3rljhj,,,,,,,,
lo84b9ds,,,,,,,,
ohx19gzq,,,,,,,,